,City,Country,Lat,Lng,Max Temp,Humidity,Cloudiness,Wind Speed,Description
0,Port Lincoln,AU,-34.7333,135.8667,47.77,82,100,18.1,moderate rain
1,Katangli,RU,51.7102,143.2326,71.53,74,53,8.19,broken clouds
2,Alice,US,27.7523,-98.0697,81.32,78,20,6.91,few clouds
3,Balikpapan,ID,-1.2675,116.8289,76.19,88,40,2.3,scattered clouds
4,Aswan,EG,24.0934,32.907,96.1,15,0,12.66,clear sky
5,Busselton,AU,-33.65,115.3333,48.04,74,67,6.87,broken clouds
6,Viransehir,TR,37.2353,39.7631,79.54,53,0,4.32,clear sky
7,Lebu,CL,-37.6167,-73.65,51.67,94,100,4.09,overcast clouds
8,Srednekolymsk,RU,67.45,153.6833,63.61,60,88,4.59,overcast clouds
9,Pelym,RU,61.0108,61.9978,57.43,77,64,4.23,broken clouds
10,Kahului,US,20.8947,-156.47,85.26,73,40,20.71,scattered clouds
11,Bluff,NZ,-46.6,168.3333,46.8,63,77,10.4,broken clouds
12,Arraial Do Cabo,BR,-22.9661,-42.0278,64.26,82,0,3.44,clear sky
13,Rabo De Peixe,PT,37.8,-25.5833,67.51,73,75,2.3,broken clouds
14,Hilo,US,19.7297,-155.09,85.28,79,90,13.8,light rain
15,Fort Nelson,CA,58.8053,-122.7002,67.59,64,75,3.44,broken clouds
16,Jamestown,US,42.097,-79.2353,69.44,52,1,4.61,clear sky
17,Kapaa,US,22.0752,-159.319,84.18,86,75,1.01,moderate rain
18,Divnomorskoye,RU,44.5011,38.1353,77.09,81,56,3.51,broken clouds
19,Macusani,PE,-14.0833,-70.4333,33.8,86,71,4.05,light rain
20,Quatre Cocos,MU,-20.2078,57.7625,68.11,69,80,16.84,light rain
21,Pyapon,MM,16.2833,95.6833,78.67,89,100,13.2,moderate rain
22,Progreso,MX,21.2833,-89.6667,83.48,78,10,17.6,clear sky
23,Saint Anthony,US,45.0205,-93.218,84.09,68,20,4.0,haze
24,Saint-Philippe,RE,-21.3585,55.7679,69.39,75,60,12.1,broken clouds
25,Gavojdia,RO,45.6167,22.0167,65.35,91,36,2.17,scattered clouds
26,Puerto Ayora,EC,-0.7393,-90.3518,72.55,93,98,8.99,overcast clouds
27,Fortuna,US,40.5982,-124.1573,80.19,67,1,3.0,clear sky
28,Calama,CL,-22.4667,-68.9333,64.89,7,0,8.05,clear sky
29,Grindavik,IS,63.8424,-22.4338,55.35,100,90,11.5,overcast clouds
30,Airai,TL,-8.9266,125.4092,65.25,53,36,3.04,scattered clouds
31,Port Alfred,ZA,-33.5906,26.891,48.79,77,88,32.28,moderate rain
32,Mayo,US,38.8876,-76.5119,84.61,72,75,1.01,haze
33,Gizo,SB,-8.103,156.8419,82.11,75,18,7.52,light rain
34,Rikitea,PF,-23.1203,-134.9692,72.7,63,18,13.29,few clouds
35,Carnarvon,AU,-24.8667,113.6333,53.67,65,6,5.75,clear sky
36,East London,ZA,-33.0153,27.9116,51.28,64,53,22.1,broken clouds
37,Touros,BR,-5.1989,-35.4608,76.1,81,8,14.72,clear sky
38,Qaanaaq,GL,77.484,-69.3632,38.17,98,100,11.43,light rain
39,Albany,US,42.6001,-73.9662,71.1,87,44,5.01,light rain
40,Saint George,US,37.1041,-113.5841,102.79,23,1,8.99,clear sky
41,Victoria,HK,22.2855,114.1577,85.24,86,86,1.01,overcast clouds
42,Bethel,US,41.3712,-73.414,76.01,82,8,6.44,clear sky
43,Mahebourg,MU,-20.4081,57.7,68.29,83,75,13.8,light rain
44,Codrington,AU,-38.2667,141.9667,45.84,81,100,11.81,overcast clouds
45,Svetlogorsk,BY,52.6333,29.7333,54.43,65,3,8.39,clear sky
46,Butaritari,KI,3.0707,172.7902,82.9,75,31,13.18,light rain
47,Cape Town,ZA,-33.9258,18.4232,46.81,86,75,1.99,broken clouds
48,Kodiak,US,57.79,-152.4072,55.18,88,94,6.76,overcast clouds
49,Salaverry,PE,-8.2333,-78.9667,64.78,87,58,8.52,broken clouds
50,Ushuaia,AR,-54.8,-68.3,37.06,60,90,9.22,overcast clouds
51,Lorengau,PG,-2.0226,147.2712,83.28,74,76,4.38,broken clouds
52,Mar Del Plata,AR,-38.0023,-57.5575,53.13,54,0,10.0,clear sky
53,Vilyuysk,RU,63.7553,121.6247,70.99,62,65,6.64,broken clouds
54,Ribeira Grande,PT,38.5167,-28.7,68.4,77,40,4.61,scattered clouds
55,Mazamari,PE,-11.3258,-74.5308,72.57,76,79,1.45,broken clouds
56,Dikson,RU,73.5069,80.5464,48.9,69,100,16.44,overcast clouds
57,Punta Arenas,CL,-53.15,-70.9167,39.31,87,90,11.5,light rain
58,Anloga,GH,5.7947,0.8973,77.22,79,73,14.41,broken clouds
59,Esperance,AU,-33.8667,121.9,51.64,65,100,17.13,overcast clouds
60,Atuona,PF,-9.8,-139.0333,77.58,68,78,16.71,broken clouds
61,Epe,NG,6.5841,3.9834,75.81,83,100,6.67,overcast clouds
62,Georgetown,MY,5.4112,100.3354,82.89,88,20,2.3,few clouds
63,Cabo San Lucas,MX,22.8909,-109.9124,96.8,63,24,11.54,few clouds
64,Katsuura,JP,35.1333,140.3,84.31,72,2,4.52,clear sky
65,Bushehr,IR,28.9684,50.8385,95.16,56,47,4.16,scattered clouds
66,Hobart,AU,-42.8794,147.3294,53.06,74,20,3.0,few clouds
67,Vostok,RU,46.4856,135.8833,78.87,72,11,2.35,few clouds
68,Avera,US,33.194,-82.5271,86.68,70,100,4.03,overcast clouds
69,Longyearbyen,SJ,78.2186,15.6401,41.16,73,28,1.3,scattered clouds
70,Biak,ID,-0.9131,122.8766,74.91,90,100,7.36,overcast clouds
71,Souillac,MU,-20.5167,57.5167,68.38,83,75,13.8,light rain
72,Piacabucu,BR,-10.4056,-36.4344,73.85,82,15,8.97,few clouds
73,Camacha,PT,33.0833,-16.3333,67.53,83,40,10.36,scattered clouds
74,Puebla,MX,18.8333,-98.0,72.28,53,39,13.65,scattered clouds
75,Atherton,GB,53.5237,-2.4935,71.29,85,17,3.49,few clouds
76,Tianpeng,CN,30.9866,103.9393,75.67,84,2,3.76,clear sky
77,Panacan,PH,9.2463,118.4082,83.46,67,100,7.07,overcast clouds
78,Zyryanka,RU,65.75,150.85,56.52,92,100,10.67,moderate rain
79,Kununurra,AU,-15.7667,128.7333,66.18,45,36,3.44,scattered clouds
80,Rapid Valley,US,44.0625,-103.1463,92.25,56,20,1.01,few clouds
81,Chuy,UY,-33.6971,-53.4616,47.88,77,17,2.84,few clouds
82,Isetskoye,RU,56.4858,65.3226,63.61,95,56,2.17,broken clouds
83,Mataura,NZ,-46.1927,168.8643,46.47,95,100,2.64,overcast clouds
84,Pacific Grove,US,36.6177,-121.9166,91.15,76,1,7.0,clear sky
85,Iqaluit,CA,63.7506,-68.5145,46.13,75,90,11.01,overcast clouds
86,Laguna,US,38.421,-121.4238,104.11,18,1,5.01,clear sky
87,West Bay,KY,19.3667,-81.4167,87.87,77,20,4.0,few clouds
88,Kutum,SD,14.2,24.6667,72.18,68,100,5.99,overcast clouds
89,Barrow,US,71.2906,-156.7887,37.42,87,90,19.57,light rain
90,Lensk,RU,60.7253,114.9278,73.0,55,85,2.39,overcast clouds
91,Oakdale,US,44.963,-92.9649,83.32,72,40,1.01,haze
92,Archidona,ES,37.0965,-4.3887,73.58,32,0,3.89,clear sky
93,Buala,SB,-8.145,159.5921,84.11,71,32,6.8,light rain
94,Pevek,RU,69.7008,170.3133,42.21,67,1,5.91,clear sky
95,Ambilobe,MG,-13.2,49.05,67.12,76,4,3.98,clear sky
96,Vaini,TO,-21.2,-175.2,78.96,78,20,9.22,few clouds
97,Glossa,GR,35.4717,23.7763,77.09,77,0,0.69,clear sky
98,Troitsko-Pechorsk,RU,62.7084,56.1964,48.4,77,61,5.59,broken clouds
99,Saskylakh,RU,71.9167,114.0833,60.3,64,100,14.45,overcast clouds
100,Provideniya,RU,64.3833,-173.3,44.71,81,90,6.71,overcast clouds
101,Castro,BR,-24.7911,-50.0119,49.55,60,5,2.13,clear sky
102,Hermanus,ZA,-34.4187,19.2345,44.91,69,94,14.88,light rain
103,San Patricio,US,28.017,-97.5169,84.92,56,6,14.34,clear sky
104,Lagoa,PT,39.05,-27.9833,67.12,71,94,16.2,overcast clouds
105,Alice Springs,AU,-23.7,133.8833,65.75,32,66,21.85,broken clouds
106,Ancud,CL,-41.8697,-73.8203,49.53,85,100,12.41,overcast clouds
107,Chokurdakh,RU,70.6333,147.9167,47.62,67,92,6.89,overcast clouds
108,Tuktoyaktuk,CA,69.4541,-133.0374,69.8,73,20,9.22,few clouds
109,Northam,GB,51.0333,-4.2167,71.02,72,66,4.68,broken clouds
110,Bossangoa,CF,6.4926,17.4552,69.69,92,81,3.71,broken clouds
111,Los Llanos De Aridane,ES,28.6585,-17.9182,67.75,90,0,17.27,clear sky
112,Kawalu,ID,-7.3817,108.2082,73.35,93,95,1.83,overcast clouds
113,Hasaki,JP,35.7333,140.8333,82.8,72,5,4.72,clear sky
114,Laibin,CN,23.7,109.2667,77.58,92,100,2.82,overcast clouds
115,Itaquyry,PY,-24.9333,-55.2167,64.62,46,2,3.51,clear sky
116,Viedma,AR,-40.8135,-62.9967,51.24,59,100,10.92,overcast clouds
117,Puerto Escondido,MX,15.85,-97.0667,84.96,72,47,3.47,scattered clouds
118,Mogadishu,SO,2.0371,45.3438,76.53,86,46,17.72,light rain
119,Talaya,RU,61.3833,152.75,62.55,80,100,5.55,light rain
120,Taoudenni,ML,22.6783,-3.9836,104.04,11,66,4.83,broken clouds
121,Jiexiu,CN,37.0244,111.9125,69.64,94,100,6.04,overcast clouds
122,Comodoro Rivadavia,AR,-45.8667,-67.5,51.66,62,0,5.75,clear sky
123,Geraldton,AU,-28.7667,114.6,55.81,100,90,0.0,overcast clouds
124,Uyemskiy,RU,64.4743,40.8524,48.25,93,75,4.47,moderate rain
125,Pachino,IT,36.7186,15.0907,79.59,67,1,2.68,clear sky
126,Sao Filipe,CV,14.8961,-24.4956,76.41,85,100,4.83,overcast clouds
127,Coihueco,CL,-36.6167,-71.8333,47.14,100,100,0.0,overcast clouds
128,Nganjuk,ID,-7.6051,111.9035,76.48,79,78,5.08,light rain
129,Kavieng,PG,-2.5744,150.7967,82.47,77,99,7.96,light rain
130,Torbay,CA,47.6666,-52.7314,52.29,98,90,13.8,fog
131,Kavaratti,IN,10.5669,72.642,82.18,82,100,22.44,overcast clouds
132,Khairagarh,IN,26.95,77.8167,84.15,78,100,5.39,overcast clouds
133,Nyurba,RU,63.2842,118.3319,65.75,84,95,5.19,light rain
134,Lompoc,US,34.6391,-120.4579,86.56,71,1,13.8,clear sky
135,Kargat,RU,55.1956,80.2811,62.56,84,3,2.8,clear sky
136,Cockburn Town,TC,21.4612,-71.1419,81.37,84,63,18.05,broken clouds
137,Chimoio,MZ,-19.1164,33.4833,60.4,67,2,0.6,clear sky
138,Kushmurun,KZ,52.4503,64.6311,70.21,50,69,7.34,broken clouds
139,New Norfolk,AU,-42.7826,147.0587,52.72,77,95,1.99,light rain
140,Nelson Bay,AU,-32.7167,152.15,54.95,64,54,4.0,broken clouds
141,Le Port,RE,-20.9373,55.2919,69.8,71,52,11.1,broken clouds
142,Paveh,IR,35.0434,46.3565,75.29,29,0,3.85,clear sky
143,Nikolskoye,RU,59.7035,30.7861,56.01,80,10,5.99,clear sky
144,Saldanha,ZA,-33.0117,17.9442,44.65,63,80,15.61,broken clouds
145,Kaitangata,NZ,-46.2817,169.8464,44.2,89,89,7.27,overcast clouds
146,Malakal,SS,9.5334,31.6605,72.46,91,100,2.55,overcast clouds
147,Kurumkan,RU,54.3,110.3,64.56,76,100,0.72,overcast clouds
148,Leningradskiy,RU,69.3833,178.4167,38.66,75,100,5.23,overcast clouds
149,Thompson,CA,55.7435,-97.8558,73.56,53,90,3.44,smoke
150,Dwarka,IN,22.2394,68.9678,82.78,84,100,26.44,overcast clouds
151,Arvi,IN,20.9833,78.2333,76.91,92,100,8.84,overcast clouds
152,Oktyabrskoye,RU,43.0645,44.7417,64.54,82,2,2.24,clear sky
153,Springbok,ZA,-29.6643,17.8865,41.23,82,57,7.14,broken clouds
154,Amantea,IT,39.1332,16.0746,75.15,78,0,2.06,clear sky
155,Gat,IL,31.61,34.7642,77.92,76,2,4.7,clear sky
156,Paita,PE,-5.0892,-81.1144,70.36,85,6,16.75,clear sky
157,Luderitz,NA,-26.6481,15.1594,53.02,48,0,16.51,clear sky
158,Tual,ID,-5.6667,132.75,79.72,80,99,17.67,overcast clouds
159,Denpasar,ID,-8.65,115.2167,78.46,89,40,9.22,scattered clouds
160,Banda Aceh,ID,5.5577,95.3222,79.48,75,95,13.09,overcast clouds
161,Koshurnikovo,RU,54.1667,93.3,58.51,92,76,1.95,broken clouds
162,Carndonagh,IE,55.25,-7.2667,61.48,86,53,4.03,broken clouds
163,Tingi,TZ,-11.3,35.0333,58.5,84,23,2.98,few clouds
164,Tasiilaq,GL,65.6145,-37.6368,39.56,98,100,7.31,moderate rain
165,Wagar,SD,16.1525,36.2032,75.29,79,100,16.62,overcast clouds
166,Te Anau,NZ,-45.4167,167.7167,44.6,86,75,2.01,broken clouds
167,Iracoubo,GF,5.4802,-53.2011,78.94,86,16,9.42,few clouds
168,Lavrentiya,RU,65.5833,-171.0,42.78,71,100,11.23,overcast clouds
169,Upernavik,GL,72.7868,-56.1549,43.02,80,76,5.93,broken clouds
170,Abnub,EG,27.2696,31.1511,88.02,33,1,15.46,clear sky
171,Hrob,CZ,50.6592,13.7268,59.34,87,31,1.66,scattered clouds
172,Tutoia,BR,-2.7619,-42.2744,79.21,81,14,10.87,few clouds
173,Kruisfontein,ZA,-34.0033,24.7314,41.88,65,87,29.53,light rain
174,Tulum,MX,20.2167,-87.4667,85.93,80,13,7.54,few clouds
175,Saint-Pierre,RE,-21.3393,55.4781,69.48,71,0,9.22,light rain
176,Saint-Leu,RE,-21.15,55.2833,68.86,71,56,3.74,light rain
177,Nabire,ID,-3.3667,135.4833,75.0,93,100,2.93,overcast clouds
178,Margate,GB,51.3813,1.3862,67.3,84,0,8.99,clear sky
179,Taltal,CL,-25.4,-70.4833,59.36,69,35,5.68,scattered clouds
180,Pisco,PE,-13.7,-76.2167,62.65,82,75,11.5,broken clouds
181,Kandrian,PG,-6.2167,149.55,80.87,84,73,10.83,light rain
182,Ayni,TJ,39.3941,68.5377,66.52,60,4,3.6,clear sky
183,Mount Isa,AU,-20.7333,139.5,64.17,32,42,9.22,scattered clouds
184,Dudinka,RU,69.4058,86.1778,58.46,57,100,14.27,overcast clouds
185,Natal,BR,-5.795,-35.2094,77.22,83,75,5.75,broken clouds
186,Ascension,US,30.2169,-90.9001,88.0,70,75,3.44,broken clouds
187,Smithers,CA,54.7804,-127.1743,59.32,77,75,6.91,light rain
188,Karlstad,SE,59.3793,13.5036,55.96,94,30,3.44,scattered clouds
189,Katima Mulilo,NA,-17.5,24.2667,52.23,33,0,2.64,clear sky
190,Yellowknife,CA,62.456,-114.3525,72.32,60,75,1.99,smoke
191,Aklavik,CA,68.2191,-135.0107,88.52,42,40,6.91,scattered clouds
192,Rumford,US,44.5537,-70.5509,68.16,79,45,6.58,scattered clouds
193,Tekkali,IN,18.6167,84.2333,78.55,88,98,8.43,overcast clouds
194,Tabou,CI,4.423,-7.3528,75.9,82,21,5.08,few clouds
195,Valentin Gomez Farias,MX,28.2167,-106.5833,81.57,23,8,14.9,clear sky
196,Usinsk,RU,65.9939,57.5281,44.02,88,69,18.77,broken clouds
197,Sao Joao Da Barra,BR,-21.6403,-41.0511,67.96,80,100,5.97,overcast clouds
198,Avarua,CK,-21.2078,-159.775,80.65,78,8,11.5,clear sky
199,Ilulissat,GL,69.2167,-51.1,39.51,84,57,2.48,broken clouds
200,Sandpoint,US,48.2766,-116.5533,82.02,36,1,1.01,clear sky
201,Cherskiy,RU,68.75,161.3,62.71,48,12,4.61,few clouds
202,Paso De Los Toros,UY,-32.8167,-56.5167,47.59,70,6,7.11,clear sky
203,Dingle,PH,10.9995,122.6711,81.07,79,100,13.71,overcast clouds
204,Champasak,LA,14.75,106.0,72.61,99,100,1.9,light rain
205,Haysville,US,37.5645,-97.3523,87.69,47,1,12.66,clear sky
206,Port Elizabeth,ZA,-33.918,25.5701,44.89,81,75,20.71,light intensity shower rain
207,Santa Isabel Do Rio Negro,BR,-0.4139,-65.0192,73.22,97,54,2.24,broken clouds
208,Calvinia,ZA,-31.4707,19.776,34.32,81,81,9.91,broken clouds
209,Makakilo City,US,21.3469,-158.0858,79.12,72,90,6.91,light rain
210,Nador,MA,35.174,-2.9287,73.65,88,90,2.3,overcast clouds
211,Horsham,GB,51.064,-0.3272,71.08,75,0,3.44,clear sky
212,Ayan,RU,56.45,138.1667,63.7,85,93,3.62,overcast clouds
213,Meulaboh,ID,4.1363,96.1285,75.38,87,100,4.09,overcast clouds
214,Hambantota,LK,6.1241,81.1185,80.01,79,100,19.8,overcast clouds
215,Kloulklubed,PW,7.0419,134.2556,84.85,71,95,12.08,overcast clouds
216,Kashan,IR,33.9831,51.4364,90.5,14,63,7.54,broken clouds
217,Faanui,PF,-16.4833,-151.75,79.07,77,31,16.84,scattered clouds
218,Vygonichi,RU,53.0985,34.0673,57.31,100,11,8.95,few clouds
219,Komsomolskiy,UZ,40.4272,71.7189,72.82,56,1,2.3,clear sky
220,San Carlos De Bariloche,AR,-41.1456,-71.3082,46.15,49,0,9.22,clear sky
221,Cherepovets,RU,59.1333,37.9,48.13,63,7,5.73,clear sky
222,Aksarka,RU,66.5606,67.7975,53.47,83,20,2.71,few clouds
223,Acarau,BR,-2.8856,-40.12,78.84,81,20,17.63,few clouds
224,Auchi,NG,7.0667,6.2667,71.19,97,100,4.83,overcast clouds
225,Riyadh,SA,24.6877,46.7219,100.54,31,86,8.41,overcast clouds
226,Henderson,US,36.0397,-114.9819,102.74,26,1,8.05,clear sky
227,Tazovskiy,RU,67.4667,78.7,57.2,95,100,17.05,light rain
228,Clyde River,CA,70.4692,-68.5914,39.43,87,75,10.36,broken clouds
229,Onega,RU,63.9061,38.1404,51.17,64,98,5.75,overcast clouds
230,Upington,ZA,-28.4478,21.2561,34.18,64,0,0.0,clear sky
231,Sarny,UA,51.338,26.6019,55.85,84,25,6.76,scattered clouds
232,Padang,ID,-0.9492,100.3543,73.45,78,82,3.89,broken clouds
233,Cidreira,BR,-30.1811,-50.2056,53.8,65,0,0.45,clear sky
234,Severo-Kurilsk,RU,50.6789,156.125,52.88,91,46,2.8,scattered clouds
235,Myitkyina,MM,25.3833,97.4,76.06,99,96,0.54,light rain
236,Luganville,VU,-15.5333,167.1667,82.2,71,25,7.45,scattered clouds
237,Honiara,SB,-9.4333,159.95,85.75,67,33,3.91,scattered clouds
238,Kerchevskiy,RU,59.946,56.2884,58.48,71,100,2.21,overcast clouds
239,Dukat,RU,62.55,155.55,64.69,61,100,5.19,overcast clouds
240,Shetpe,KZ,44.1667,52.1167,82.67,38,16,6.04,few clouds
241,Sabang,ID,5.8933,95.3214,82.56,72,100,20.87,overcast clouds
242,Zaysan,KZ,47.4667,84.8667,73.6,35,100,3.53,overcast clouds
243,Alto Araguaia,BR,-17.3147,-53.2153,67.19,30,4,2.95,clear sky
244,Vilcun,CL,-38.65,-72.2333,45.34,94,100,2.04,overcast clouds
245,Westport,US,41.1415,-73.3579,77.27,82,21,1.99,few clouds
246,Aleksandrov Gay,RU,50.147,48.5704,77.95,44,24,9.78,few clouds
247,Petropavlovskoye,RU,52.0712,84.107,62.15,94,13,3.78,few clouds
248,Jalu,LY,29.0331,21.5482,79.61,59,0,17.05,clear sky
249,Khatanga,RU,71.9667,102.5,53.98,91,100,3.22,overcast clouds
250,Gamba,GA,-2.65,10.0,72.32,82,70,5.91,broken clouds
251,Salalah,OM,17.0151,54.0924,76.86,94,75,8.86,broken clouds
252,Nicoya,CR,10.1483,-85.452,87.35,86,89,4.68,overcast clouds
253,Sao Jose Da Coroa Grande,BR,-8.8978,-35.1478,74.44,84,46,10.45,scattered clouds
254,Norfolk,US,42.1668,-71.2495,76.87,78,93,1.01,overcast clouds
255,Mangrol,IN,21.1167,70.1167,82.2,85,99,22.75,overcast clouds
256,Pedro Ii,BR,-4.4247,-41.4586,75.34,38,10,6.31,clear sky
257,Thinadhoo,MV,0.5333,72.9333,81.3,76,100,7.74,overcast clouds
258,Foz,ES,43.5692,-7.2544,67.08,93,88,1.01,overcast clouds
259,Manoel Urbano,BR,-8.8389,-69.2597,73.72,53,0,0.69,clear sky
260,Kerrville,US,30.0474,-99.1403,84.61,65,1,5.75,clear sky
261,Coquimbo,CL,-29.9533,-71.3436,49.73,87,20,5.75,few clouds
262,Gyorujbarat,HU,47.6064,17.6488,64.96,82,0,6.91,clear sky
263,Port Macquarie,AU,-31.4333,152.9167,57.88,51,4,5.99,clear sky
264,Ngunguru,NZ,-35.6167,174.5,64.17,70,85,11.03,overcast clouds
265,Cap Malheureux,MU,-19.9842,57.6142,68.49,77,67,5.99,light rain
266,Teguise,ES,29.0605,-13.564,66.42,78,20,14.97,few clouds
267,Obuasi,GH,6.206,-1.6619,68.97,95,49,2.19,scattered clouds
268,Chifeng,CN,42.2683,118.9636,77.81,62,100,6.38,overcast clouds
269,Kushima,JP,31.4583,131.2333,81.91,87,100,12.62,overcast clouds
270,Richards Bay,ZA,-28.783,32.0377,58.96,84,69,2.64,broken clouds
271,Neuquen,AR,-38.9516,-68.0591,49.89,76,100,0.0,smoke
272,Itaituba,BR,-4.2761,-55.9836,80.76,78,20,0.0,few clouds
273,Hofn,IS,64.2539,-15.2082,59.49,66,4,4.47,clear sky
274,Grafton,US,42.207,-71.6856,75.97,78,54,6.51,broken clouds
275,Sitka,US,57.0531,-135.33,57.09,77,75,4.61,broken clouds
276,Prainha,BR,-1.8,-53.48,76.1,84,54,2.66,broken clouds
277,Jiazi,CN,22.8779,116.067,81.25,75,42,2.68,light rain
278,Carutapera,BR,-1.195,-46.02,75.87,89,47,5.03,scattered clouds
279,Los Angeles,US,34.0522,-118.2437,108.28,47,1,3.0,clear sky
280,Bredasdorp,ZA,-34.5322,20.0403,43.92,81,93,6.91,overcast clouds
281,Changuinola,PA,9.4333,-82.5167,79.93,85,76,4.45,broken clouds
282,Paracuru,BR,-3.41,-39.0306,81.1,82,12,13.96,few clouds
283,Baoding,CN,38.8511,115.4903,73.71,91,100,1.99,moderate rain
284,Paamiut,GL,61.994,-49.6678,42.17,86,38,10.76,scattered clouds
285,Katherine,AU,-14.4667,132.2667,68.32,34,51,3.44,broken clouds
286,Palauig,PH,15.435,119.9045,80.91,88,100,12.64,moderate rain
287,Hovd,MN,48.0056,91.6419,72.28,33,59,2.04,broken clouds
288,Virginia Beach,US,36.8529,-75.978,87.82,70,9,1.52,clear sky
289,Gijon,ES,43.5357,-5.6615,66.99,87,35,1.99,scattered clouds
290,Grand Gaube,MU,-20.0064,57.6608,68.4,77,67,5.99,light rain
291,Yar-Sale,RU,66.8333,70.8333,55.15,87,85,9.06,overcast clouds
292,Tiksi,RU,71.6872,128.8694,40.48,92,100,5.59,overcast clouds
293,Narsaq,GL,60.9167,-46.05,45.34,96,100,2.04,overcast clouds
294,Krasnoarmeysk,RU,51.0239,45.6969,68.29,85,71,8.01,broken clouds
295,Hay River,CA,60.8156,-115.7999,76.98,50,75,8.05,smoke
296,Caravelas,BR,-17.7125,-39.2481,68.76,73,4,5.3,clear sky
297,Mount Gambier,AU,-37.8333,140.7667,44.51,81,100,10.36,overcast clouds
298,Plouzane,FR,48.3833,-4.6167,71.92,68,0,8.05,clear sky
299,Sete,FR,43.4018,3.6966,73.89,71,5,5.97,clear sky
300,Guigue,VE,10.0853,-67.7792,75.47,83,82,0.65,broken clouds
301,Yulara,AU,-25.2406,130.9889,64.24,32,0,12.66,clear sky
302,Byron Bay,AU,-28.65,153.6167,65.05,56,7,10.51,clear sky
303,Goderich,CA,43.7501,-81.7165,67.91,63,0,10.36,clear sky
304,Portland,US,45.5234,-122.6762,79.2,42,75,1.01,broken clouds
305,Mindelheim,DE,48.05,10.4833,62.78,87,40,2.3,scattered clouds
306,Ruza,RU,55.699,36.1952,57.34,94,7,8.77,clear sky
307,Araouane,ML,18.9048,-3.5265,97.57,29,89,14.56,overcast clouds
308,Lata,PT,40.1629,-8.3327,61.92,93,34,3.91,scattered clouds
309,Indramayu,ID,-6.3264,108.32,77.94,83,84,5.1,broken clouds
310,Doha,QA,25.2867,51.5333,96.78,53,0,12.66,clear sky
311,Alamogordo,US,32.8995,-105.9603,88.95,38,40,3.0,scattered clouds
312,Hervey Bay,AU,-25.2986,152.8535,60.04,64,9,5.01,clear sky
313,Fairbanks,US,64.8378,-147.7164,77.02,43,75,4.61,broken clouds
314,Ortakoy,TR,38.7373,34.0387,70.05,62,3,6.85,clear sky
315,Nanortalik,GL,60.1432,-45.2371,43.84,99,100,8.08,overcast clouds
316,Sambava,MG,-14.2667,50.1667,70.54,83,43,13.65,light rain
317,Talnakh,RU,69.4865,88.3972,57.92,60,100,7.63,overcast clouds
318,Constitucion,CL,-35.3333,-72.4167,53.15,88,100,2.93,overcast clouds
319,Miranda,CO,3.2499,-76.2281,80.73,69,96,5.95,overcast clouds
320,Eyl,SO,7.9803,49.8164,79.79,68,65,22.82,broken clouds
321,Tonj,SS,7.2737,28.6822,70.27,90,91,2.33,light rain
322,Accra,GH,5.556,-0.1969,76.12,81,35,7.87,scattered clouds
323,Visaginas,LT,55.6,26.4167,48.85,90,0,5.66,clear sky
324,Porto Recanati,IT,43.4365,13.6613,76.3,40,35,1.07,scattered clouds
325,Salinopolis,BR,-0.6136,-47.3561,78.39,87,35,11.45,scattered clouds
326,Malinovoye Ozero,RU,51.6753,79.7825,63.36,70,0,5.66,clear sky
327,Awbari,LY,26.5921,12.7805,83.34,23,0,7.76,clear sky
328,Sur,OM,22.5667,59.5289,92.75,53,27,8.01,scattered clouds
329,Oeiras Do Para,BR,-2.0031,-49.8544,75.52,91,60,4.14,broken clouds
330,Coolum Beach,AU,-26.5333,153.1,63.34,53,31,4.09,scattered clouds
331,Zhigansk,RU,66.7697,123.3711,63.34,53,73,4.61,broken clouds
332,Fuerte Olimpo,PY,-21.0415,-57.8738,67.19,25,28,1.9,scattered clouds
333,Karwar,IN,14.8,74.1333,76.44,88,100,14.99,light rain
334,Bengkulu,ID,-3.8004,102.2655,74.46,85,51,5.17,broken clouds
335,Garbou,RO,47.15,23.4333,62.02,92,56,2.71,broken clouds
336,Atambua,ID,-9.1061,124.8925,75.54,66,54,4.0,broken clouds
337,Kupang,ID,-10.1667,123.5833,75.78,83,20,4.61,few clouds
338,Dingli,MT,35.8614,14.3822,73.81,88,0,2.3,clear sky
339,Klaksvik,FO,62.2266,-6.589,52.72,91,0,11.92,clear sky
340,Marienburg,PL,54.0359,19.0266,63.95,91,18,3.69,few clouds
341,Berlevag,NO,70.8578,29.0864,44.22,85,100,20.45,light rain
342,Kropotkin,RU,45.4375,40.5756,72.61,93,6,10.29,clear sky
343,Karratha,AU,-20.7377,116.8463,72.19,58,8,9.78,clear sky
344,Sola,VU,-13.8833,167.55,81.27,94,75,0.0,broken clouds
345,Ahipara,NZ,-35.1667,173.1667,59.02,87,63,11.39,broken clouds
346,Atar,MR,20.5169,-13.0499,89.46,12,3,8.3,clear sky
347,Nemuro,JP,43.3236,145.575,68.43,94,100,8.21,overcast clouds
348,Marawi,PH,7.9986,124.2928,74.64,74,100,6.76,overcast clouds
349,Invermere,CA,50.5167,-116.0354,79.84,38,77,5.01,broken clouds
350,Nuuk,GL,64.1835,-51.7216,47.88,70,42,5.01,scattered clouds
351,Petropavlovsk-Kamchatskiy,RU,53.0452,158.6483,64.99,82,20,8.95,few clouds
352,Guiren,CN,33.6697,118.1889,78.28,84,58,10.87,light rain
353,North Bend,US,43.4065,-124.2243,74.25,71,1,26.46,clear sky
354,Acapulco,MX,16.8634,-99.8901,85.23,76,38,6.26,scattered clouds
355,Masterton,NZ,-40.9597,175.6575,56.93,86,95,9.89,light rain
356,Beloha,MG,-25.1667,45.05,71.76,57,69,8.03,broken clouds
357,Ouegoa,NC,-20.35,164.4333,75.27,53,5,7.2,clear sky
358,Lloydminster,CA,53.2835,-110.0016,75.42,69,75,6.91,broken clouds
359,Zastron,ZA,-30.3023,27.084,27.79,49,2,8.86,clear sky
360,Wenling,CN,28.3669,121.36,79.92,82,73,18.72,moderate rain
361,Novovasylivka,UA,46.8315,35.7536,70.65,87,0,5.91,clear sky
362,Hualmay,PE,-11.0964,-77.6139,63.97,81,17,10.16,few clouds
363,Hamilton,US,39.1834,-84.5333,79.41,67,20,1.99,few clouds
364,Tumut,AU,-35.3,148.2167,36.59,69,7,2.57,clear sky
365,Ixtapa,MX,20.7,-105.2,88.23,79,97,4.0,overcast clouds
366,La Orilla,MX,17.9833,-102.2333,84.47,76,73,5.82,broken clouds
367,Isangel,VU,-19.55,169.2667,80.71,83,20,0.0,few clouds
368,The Valley,AI,18.217,-63.0578,82.81,78,20,13.8,few clouds
369,Dunedin,NZ,-45.8742,170.5036,52.81,61,89,14.0,overcast clouds
370,Zonguldak,TR,41.25,31.8333,63.21,93,2,4.38,clear sky
371,Bodden Town,KY,19.2833,-81.25,87.8,77,20,1.01,few clouds
372,Xuddur,SO,4.1213,43.8894,70.66,80,62,16.49,broken clouds
373,Kuopio,FI,62.8924,27.677,57.15,62,75,13.8,broken clouds
374,Lillooet,CA,50.6856,-121.942,79.52,25,66,8.72,broken clouds
375,Falkenberg,SE,56.9055,12.4912,58.96,96,6,3.47,clear sky
376,Heishan,CN,41.6892,122.1128,78.71,78,100,8.43,light rain
377,Itarema,BR,-2.9248,-39.9167,78.78,81,16,17.27,few clouds
378,Kihei,US,20.785,-156.4656,85.26,74,40,20.71,scattered clouds
379,Ilo,PE,-17.6394,-71.3375,60.21,85,0,3.58,clear sky
380,Inhambane,MZ,-23.865,35.3833,67.73,75,24,10.51,few clouds
381,Penalva,BR,-3.2942,-45.1736,75.76,82,76,3.4,broken clouds
382,Rawson,AR,-43.3002,-65.1023,53.78,65,100,14.23,overcast clouds
383,Mao,ES,39.8885,4.2658,75.76,88,0,3.44,clear sky
384,Cururupu,BR,-1.8283,-44.8683,74.53,93,42,2.73,scattered clouds
385,Burnie,AU,-41.0667,145.9167,52.92,79,96,3.29,moderate rain
386,College,US,64.8569,-147.8028,77.09,45,75,4.61,broken clouds
387,Chumikan,RU,54.7183,135.315,76.12,64,81,12.97,broken clouds
388,Moram,IN,17.8,76.4667,69.76,96,100,20.92,very heavy rain
389,Alta Floresta,BR,-9.8756,-56.0861,76.42,34,0,3.76,clear sky
390,Santa Maria,BR,-29.6842,-53.8069,49.3,81,0,3.44,clear sky
391,Ponta Do Sol,PT,32.6667,-17.1,71.01,81,0,3.98,clear sky
392,Betare Oya,CM,5.6,14.0833,67.78,96,97,2.84,light rain
393,Pochutla,MX,15.7432,-96.4661,87.82,78,59,3.69,broken clouds
394,Filingue,NE,14.3521,3.3168,86.67,50,100,4.61,overcast clouds
395,Coruripe,BR,-10.1256,-36.1756,72.54,86,42,8.43,scattered clouds
396,Megali Panayia,GR,40.45,23.6833,71.33,48,0,3.09,clear sky
397,Yarmouth,US,41.7057,-70.2286,75.97,80,37,7.85,scattered clouds
398,Heihe,CN,50.2441,127.4902,82.98,72,77,4.59,broken clouds
399,Waingapu,ID,-9.6567,120.2641,78.42,68,90,10.45,overcast clouds
400,Sinnamary,GF,5.3833,-52.95,79.72,84,20,9.13,few clouds
401,Tezu,IN,27.9167,96.1667,79.25,83,90,3.06,overcast clouds
402,Tuy Hoa,VN,13.0833,109.3,82.4,67,100,15.19,overcast clouds
403,Anori,BR,-3.7728,-61.6442,78.35,72,80,2.44,broken clouds
404,Abu Kamal,SY,34.4506,40.9171,85.64,32,0,14.03,clear sky
405,Anadyr,RU,64.75,177.4833,57.7,62,0,8.95,clear sky
406,Port Blair,IN,11.6667,92.75,81.12,85,100,21.63,light rain
407,Nuevo Progreso,MX,23.1667,-97.95,91.6,69,30,11.61,scattered clouds
408,Amuntai,ID,-2.4177,115.2494,74.53,93,100,2.57,overcast clouds
409,Bara,NG,10.3744,10.7288,73.56,92,57,6.82,moderate rain
410,Shaunavon,CA,49.6501,-108.4181,87.58,22,9,3.24,clear sky
411,San Luis,AR,-33.295,-66.3356,54.86,31,95,3.29,overcast clouds
412,Korampallam,IN,8.7667,78.1,81.27,66,100,11.88,overcast clouds
413,Daru,PG,-9.0763,143.2092,79.92,76,82,14.99,broken clouds
414,Tilichiki,RU,60.4667,166.1,63.32,58,84,15.14,broken clouds
415,Damaturu,NG,11.747,11.9608,79.18,69,85,12.17,light rain
416,Alofi,NU,-19.0595,-169.9187,78.69,83,75,16.11,broken clouds
417,Haines Junction,CA,60.7522,-137.5108,71.55,40,95,10.36,overcast clouds
418,Gorontalo,ID,0.5412,123.0595,79.99,84,98,3.47,overcast clouds
419,Sisimiut,GL,66.9395,-53.6735,44.58,78,63,5.64,broken clouds
420,Shigony,RU,53.3875,48.6777,64.4,83,68,3.76,moderate rain
421,Ketchikan,US,55.3422,-131.6461,56.23,95,100,5.06,light rain
422,Yarada,IN,17.65,83.2667,77.32,100,90,5.75,drizzle
423,Labytnangi,RU,66.6572,66.4183,54.03,84,35,5.57,scattered clouds
424,Zarya,RU,55.7553,38.0958,60.94,90,71,9.1,broken clouds
425,Bulawayo,ZW,-20.15,28.5833,51.17,30,0,4.0,clear sky
426,Deputatskiy,RU,69.3,139.9,53.08,70,95,5.75,overcast clouds
427,Townsville,AU,-19.25,146.8,68.88,52,20,3.44,few clouds
428,Kamaishi,JP,39.2667,141.8833,77.95,86,99,4.7,overcast clouds
429,Saint-Francois,FR,46.4154,3.9054,59.41,94,0,2.3,clear sky
430,Healesville,AU,-37.65,145.5167,49.53,89,92,1.01,overcast clouds
431,Zhytomyr,UA,50.2649,28.6767,58.95,85,77,11.39,broken clouds
432,Venkatagiri,IN,13.9667,79.5833,80.94,64,100,18.25,overcast clouds
433,Beringovskiy,RU,63.05,179.3167,54.48,68,84,7.05,broken clouds
434,Kostalexis,GR,38.8579,22.3646,78.39,59,14,1.72,few clouds
435,Bud,US,39.447,-86.1758,79.7,71,65,5.28,broken clouds
436,Polovinnoye,RU,54.7914,65.9864,63.63,93,63,3.47,broken clouds
437,Gao,ML,16.6362,1.637,88.43,42,97,7.4,overcast clouds
438,Terrasini,IT,38.146,13.0844,78.22,71,0,5.75,clear sky
439,Tondon,GN,10.3667,-13.35,74.32,98,100,1.99,overcast clouds
440,Clifton,US,40.8584,-74.1638,78.82,64,16,3.0,few clouds
441,Namatanai,PG,-3.6667,152.4333,83.14,73,66,4.03,light rain
442,Kimbe,PG,-5.5502,150.1429,85.73,66,48,4.07,light rain
443,Sala Consilina,IT,40.3912,15.5989,71.1,55,0,2.62,clear sky
444,Praxedis Guerrero,MX,31.3667,-106.0167,93.81,17,1,10.07,clear sky
445,Manakara,MG,-22.1333,48.0167,62.98,90,1,3.6,clear sky
446,Singkang,MY,2.1006,102.7994,76.89,93,75,1.9,broken clouds
447,Quanzhou,CN,24.9139,118.5858,84.15,65,61,4.05,broken clouds
448,Vila Velha,BR,-20.3297,-40.2925,66.15,88,75,3.44,broken clouds
449,Kaeo,NZ,-35.1,173.7833,64.33,79,69,11.7,broken clouds
450,Qaqortoq,GL,60.7167,-46.0333,44.01,99,100,3.36,overcast clouds
451,Kamenka,RU,51.3223,42.7678,64.36,97,100,11.27,overcast clouds
452,Rocha,UY,-34.4833,-54.3333,45.18,89,51,4.54,broken clouds
453,America Dourada,BR,-11.4553,-41.4361,64.63,86,15,11.21,few clouds
454,Lai,TD,9.3952,16.2989,75.79,83,93,5.28,overcast clouds
455,Botwood,CA,49.1499,-55.3482,56.89,69,84,6.67,broken clouds
456,Kargopol,RU,61.5071,38.9456,44.37,59,15,4.54,few clouds
457,Ullapool,GB,57.8987,-5.1604,60.76,92,12,2.33,few clouds
458,Batticaloa,LK,7.7102,81.6924,81.68,65,100,12.84,overcast clouds
459,Bungu,TZ,-7.6337,39.0582,67.91,95,13,2.75,light rain
460,Columbus,US,39.9612,-82.9988,74.05,65,1,9.22,clear sky
461,Limoncito,BO,-18.0167,-63.4,70.16,48,94,3.67,overcast clouds
462,Nang Rong,TH,14.6377,102.7914,77.41,82,100,6.58,overcast clouds
463,Taloda,IN,21.5667,74.2167,79.23,87,100,15.28,overcast clouds
464,Luanda,AO,-8.8368,13.2343,68.0,88,20,0.0,few clouds
465,Murray Bridge,AU,-35.1167,139.2667,45.37,91,100,20.02,light rain
466,Yatou,CN,37.15,122.3833,80.65,69,79,4.85,light rain
467,Oistins,BB,13.0667,-59.5333,82.49,78,40,14.97,scattered clouds
468,Maniitsoq,GL,65.4167,-52.9,44.67,80,32,3.91,scattered clouds
469,Urumqi,CN,43.801,87.6005,79.75,28,0,4.47,clear sky
470,Tahoua,NE,14.8888,5.2692,86.49,51,79,7.14,broken clouds
471,Krasnozerskoye,RU,53.9828,79.2374,60.82,83,0,5.79,clear sky
472,Limon,CR,10.0,-83.0333,80.94,79,79,3.44,broken clouds
473,Vanimo,PG,-2.6741,141.3028,80.22,86,81,4.21,broken clouds
474,Ankang,CN,32.68,109.0172,77.67,90,91,0.89,overcast clouds
475,Eenhana,NA,-17.4667,16.3333,53.35,29,0,7.45,clear sky
476,Muyezerskiy,RU,63.9333,31.65,51.94,67,100,10.33,light rain
477,Andenes,NO,69.3143,16.1194,48.07,100,75,16.11,broken clouds
478,Shimoda,JP,34.6667,138.95,84.11,73,0,5.08,clear sky
479,Xichang,CN,27.8964,102.2634,66.88,91,94,1.5,moderate rain
480,Madaoua,NE,14.073,5.96,88.7,48,83,6.44,broken clouds
481,Bowen,AU,-20.0167,148.2333,61.02,53,10,10.16,clear sky
482,Jijiga,ET,9.35,42.8,61.52,76,95,18.66,overcast clouds
483,Broome,US,42.2506,-75.833,71.1,79,29,4.0,scattered clouds
484,San Pedro,PH,14.35,121.0167,80.15,96,90,8.05,heavy intensity rain
485,Presidencia Roque Saenz Pena,AR,-26.7852,-60.4388,57.29,48,0,6.08,clear sky
486,Challapata,BO,-18.9,-66.7667,44.76,29,1,1.5,clear sky
487,Kirakira,SB,-10.4544,161.9205,83.25,75,21,9.51,few clouds
488,Katobu,ID,-4.9408,122.5276,75.88,90,61,0.67,broken clouds
489,Porto Velho,BR,-8.7619,-63.9039,78.85,57,0,2.3,clear sky
490,Boshnyakovo,RU,49.6333,142.1667,68.23,83,99,8.84,heavy intensity rain
491,Henties Bay,NA,-22.116,14.2845,53.92,85,0,8.7,clear sky
492,Sayansk,RU,54.1088,102.1648,62.98,77,3,3.18,clear sky
493,Naze,JP,28.3667,129.4833,79.72,93,100,27.83,overcast clouds
494,Samdari,IN,25.8167,72.5833,82.87,78,14,15.32,few clouds
495,Palu,ID,-0.8917,119.8707,75.74,94,100,2.98,overcast clouds
496,Yaan,NG,7.3833,8.5667,71.92,95,99,5.79,light rain
497,Yuxia,CN,34.0615,108.6291,75.81,79,7,2.06,clear sky
498,Atasu,KZ,48.6814,71.6433,64.51,55,1,12.97,clear sky
499,Bettiah,IN,26.8,84.5,81.64,86,100,7.85,overcast clouds
500,Chino Valley,US,34.7575,-112.4538,86.5,73,75,9.08,broken clouds
501,Manono,CD,-7.3,27.4167,72.57,35,0,3.56,clear sky
502,Guerrero Negro,MX,27.9769,-114.0611,74.21,72,100,18.99,overcast clouds
503,Vila Franca Do Campo,PT,37.7167,-25.4333,68.41,78,31,6.6,scattered clouds
504,Mansehra,PK,34.3333,73.2,67.78,74,64,4.9,broken clouds
505,Miyako,JP,39.6367,141.9525,75.34,88,100,6.02,overcast clouds
506,Reims,FR,49.1667,4.0833,63.34,77,0,1.14,clear sky
507,Bambous Virieux,MU,-20.3428,57.7575,68.25,83,75,13.8,light rain
508,Norman Wells,CA,65.282,-126.8329,84.24,37,75,9.22,broken clouds
509,Arlit,NE,18.7369,7.3853,94.73,28,99,9.78,overcast clouds
510,Puerto Colombia,CO,10.9878,-74.9547,84.29,80,15,27.89,few clouds
511,Ingham,US,42.6,-84.3833,71.55,54,1,5.75,clear sky
512,Balabac,PH,7.9868,117.0645,84.0,77,100,14.83,overcast clouds
513,Raseiniai,LT,55.3736,23.1217,52.25,88,0,4.45,clear sky
514,Ilhabela,BR,-23.7781,-45.3581,60.75,80,29,4.12,scattered clouds
515,Marsa Matruh,EG,31.3525,27.2453,77.2,73,3,14.14,clear sky
516,Tecoanapa,MX,16.5167,-98.75,86.4,73,15,8.12,few clouds
517,Port Shepstone,ZA,-30.7414,30.455,54.18,41,0,8.21,clear sky
518,Puerto Quijarro,BO,-17.7833,-57.7667,70.84,29,6,3.11,clear sky
519,Channel-Port Aux Basques,CA,47.5702,-59.1367,62.17,93,57,9.42,broken clouds
520,Cabreuva,BR,-23.3075,-47.1328,64.67,40,17,4.76,few clouds
521,Turayf,SA,31.6725,38.6637,77.25,53,0,5.75,clear sky
522,Nishihara,JP,26.1842,127.7558,81.68,92,90,28.77,light intensity shower rain
523,Asbury Park,US,40.2204,-74.0121,80.29,83,1,1.99,clear sky
524,Ballina,AU,-28.8667,153.5667,57.78,47,10,12.66,clear sky
525,Ginir,ET,7.1333,40.7,57.4,76,74,14.54,broken clouds
526,Hvolsvollur,IS,63.7533,-20.2243,53.82,88,100,2.91,overcast clouds
527,Asau,RO,46.4333,26.4,61.72,87,95,5.48,overcast clouds
528,Waipawa,NZ,-41.4122,175.5153,54.45,79,98,14.9,overcast clouds
529,Sistranda,NO,63.7256,8.834,54.9,91,97,30.02,overcast clouds
530,Nouadhibou,MR,20.931,-17.0347,67.98,88,0,17.27,clear sky
531,Karabuk,TR,41.2049,32.6277,67.24,96,16,2.44,few clouds
532,Arya,PK,33.6,73.0667,78.24,73,81,3.53,broken clouds
533,San Cristobal,VE,7.7669,-72.225,65.1,98,88,3.53,overcast clouds
534,Tacoronte,ES,28.4769,-16.4102,67.26,68,90,21.85,overcast clouds
535,Trelew,AR,-43.249,-65.3051,53.67,63,100,10.04,overcast clouds
536,Sayula,MX,19.8667,-103.6167,75.02,73,100,1.48,overcast clouds
537,Churapcha,RU,62.0025,132.4325,69.3,63,86,13.69,overcast clouds
538,Astolfo Dutra,BR,-21.3153,-42.8622,62.67,72,93,2.17,overcast clouds
539,Grandview,US,38.8858,-94.533,86.65,58,40,1.99,scattered clouds
540,Ostrovnoy,RU,68.0531,39.5131,45.5,82,86,8.55,overcast clouds
541,Anchorage,US,61.2181,-149.9003,63.75,85,90,1.99,light intensity drizzle
542,Zaozerne,UA,45.1582,33.2787,73.94,74,53,12.8,broken clouds
543,Bafoulabe,ML,13.8065,-10.8321,81.48,77,74,6.58,broken clouds
544,Shimanovsk,RU,52.0,127.7,81.86,74,65,5.44,broken clouds
545,Sovetskoye,RU,52.2861,85.4131,62.71,92,35,2.37,scattered clouds
546,Jamsa,FI,61.8642,25.19,56.34,76,39,10.47,scattered clouds
547,Bagdarin,RU,54.4333,113.6,58.98,88,99,2.24,light rain
548,Phan Thiet,VN,10.9333,108.1,78.13,86,100,8.55,overcast clouds
549,Krotoszyn,PL,51.6987,17.4374,65.55,77,99,4.76,overcast clouds
550,Cam Ranh,VN,11.9214,109.1591,85.96,54,75,9.22,broken clouds
551,Tyazhinskiy,RU,56.116,88.524,61.16,84,0,1.1,clear sky
552,Peniche,PT,39.3558,-9.3811,64.72,89,11,12.91,few clouds
553,Lazarev,RU,52.225,141.5131,60.82,96,100,19.69,overcast clouds
554,Pimenta Bueno,BR,-11.6725,-61.1936,76.3,39,0,2.8,clear sky
555,Dalvik,IS,65.9702,-18.5286,60.73,67,0,6.89,clear sky
556,Tuatapere,NZ,-46.1333,167.6833,46.81,80,100,5.91,overcast clouds
557,Belyy,RU,55.8402,32.9419,48.11,91,4,5.08,clear sky
558,Okato,NZ,-39.2,173.8833,60.42,88,81,14.74,broken clouds
559,Huarmey,PE,-10.0681,-78.1522,64.81,82,26,8.99,scattered clouds
560,Walvis Bay,NA,-22.9575,14.5053,49.15,81,0,8.05,clear sky
561,Luebo,CD,-5.35,21.4167,71.76,39,5,2.57,clear sky
562,Jatai,BR,-17.8814,-51.7144,66.97,32,8,3.71,clear sky
563,Tukrah,LY,32.5341,20.5791,78.24,75,16,10.96,few clouds
564,Christchurch,NZ,-43.5333,172.6333,48.9,90,90,8.01,mist
565,Seymchan,RU,62.8833,152.4333,75.61,52,100,6.15,overcast clouds
566,Brainerd,US,46.358,-94.2008,79.05,64,75,4.61,haze
567,Myre,NO,69.1036,15.9492,48.11,84,100,19.19,overcast clouds
568,Ovre Ardal,NO,61.3167,7.8,53.67,78,1,4.54,clear sky
569,Svetlaya,RU,46.5389,138.3297,73.13,84,74,5.26,broken clouds
570,Nara,JP,34.6851,135.8049,85.98,94,98,5.88,overcast clouds
571,Vao,NC,-22.6667,167.4833,70.34,70,54,12.88,broken clouds
572,Yenagoa,NG,4.9247,6.2642,74.32,86,100,3.87,overcast clouds
573,Varhaug,NO,58.6147,5.6457,55.47,80,11,18.32,few clouds
574,Sao Gabriel Da Cachoeira,BR,-0.1303,-67.0892,73.02,95,65,1.95,broken clouds
575,Raga,SS,8.4596,25.678,67.77,93,95,4.25,overcast clouds
576,Barcelos,PT,41.5388,-8.6151,62.92,96,16,1.66,few clouds
577,Pafos,CY,34.7667,32.4167,76.91,83,40,2.3,scattered clouds
578,Buin,CL,-33.7333,-70.75,65.73,49,100,2.06,overcast clouds
579,Ust-Kuyga,RU,70.0167,135.6,55.4,69,93,8.37,overcast clouds
580,Tiarei,PF,-17.5333,-149.3333,84.22,76,29,14.52,scattered clouds
581,Monroe,US,43.1501,-77.6831,73.78,53,20,9.22,few clouds
582,Chokwe,MZ,-24.5333,32.9833,59.65,42,0,9.46,clear sky
583,Lasa,IT,46.6166,10.7002,64.36,87,78,1.83,broken clouds
584,Sena Madureira,BR,-9.0656,-68.6569,74.21,50,0,1.54,clear sky
585,Kyra,RU,49.5776,111.9753,68.34,92,96,0.85,overcast clouds
586,Sehithwa,BW,-20.4667,22.7167,50.92,43,0,7.9,clear sky
587,Saint-Joseph,RE,-21.3667,55.6167,68.38,74,54,13.49,broken clouds
588,Igarka,RU,67.4667,86.5833,56.12,70,98,12.91,overcast clouds
589,Ucluelet,CA,48.9329,-125.5528,70.05,75,12,1.99,few clouds
590,Hami,CN,42.8,93.45,86.32,22,99,1.95,overcast clouds
591,Jintur,IN,19.6167,76.7,73.76,92,100,19.04,moderate rain
592,Tombouctou,ML,20.0,-3.0,96.64,28,58,15.88,broken clouds
593,Alenquer,BR,-1.9417,-54.7383,80.94,81,69,1.25,broken clouds
594,Cayenne,GF,4.9333,-52.3333,83.08,81,20,3.0,few clouds
595,Whitehorse,CA,60.7161,-135.0538,77.77,33,75,6.91,broken clouds
596,Bilma,NE,18.6853,12.9164,95.18,27,70,7.74,broken clouds
597,Pulandian,CN,39.3953,121.9669,78.93,72,100,3.87,overcast clouds
598,Tessalit,ML,20.1986,1.0114,90.12,40,88,10.16,overcast clouds
599,Nushki,PK,29.5542,66.0215,80.28,18,0,2.66,clear sky
600,Aykhal,RU,66.0,111.5,63.07,75,33,9.75,scattered clouds
601,Manokwari,ID,-0.8667,134.0833,80.89,75,95,3.69,moderate rain
602,Ternate,ID,0.8,127.4,82.15,77,79,8.9,broken clouds
603,Lagunas,PE,-5.2269,-75.6753,74.23,68,7,2.33,clear sky
604,La Ronge,CA,55.1001,-105.2842,70.05,73,90,6.91,smoke
605,Acajutla,SV,13.5928,-89.8275,84.76,74,22,8.05,few clouds
606,Tomatlan,MX,19.9333,-105.25,85.87,71,28,6.2,scattered clouds
607,Chauny,FR,49.6151,3.2186,66.61,88,0,4.38,clear sky
608,Coralville,US,41.6764,-91.5805,84.52,81,80,7.47,broken clouds
609,Gweta,BW,-20.1833,25.2333,54.55,32,0,8.43,clear sky
610,Praia,CV,14.9215,-23.5087,79.34,78,0,4.61,clear sky
611,Kita,ML,13.0349,-9.4895,75.87,91,100,3.58,light rain
612,San Quintin,MX,30.4833,-115.95,74.35,73,74,12.68,broken clouds
613,Halifax,CA,44.6453,-63.5724,69.69,91,90,1.01,mist
614,Payakumbuh,ID,-0.2202,100.6308,68.97,82,90,2.98,overcast clouds
615,Kangaatsiaq,GL,68.3065,-53.4641,41.58,88,100,7.54,overcast clouds
616,Bandarbeyla,SO,9.4942,50.8122,78.57,74,51,23.17,broken clouds
617,Nome,US,64.5011,-165.4064,50.16,81,40,13.8,scattered clouds
618,Kungurtug,RU,50.5994,97.5228,63.82,59,3,1.16,clear sky
619,Jiaozuo,CN,35.2397,113.2331,73.26,97,100,9.84,light rain
620,Limbang,MY,4.75,115.0,80.71,83,90,2.37,overcast clouds
621,Kudahuvadhoo,MV,2.6708,72.8944,82.29,76,100,13.6,overcast clouds
622,Suarez,CO,2.954,-76.6964,68.88,83,59,3.78,broken clouds
623,Karmaskaly,RU,54.3709,56.1837,60.71,80,67,2.15,broken clouds
624,Broken Hill,AU,-31.95,141.4333,44.31,57,90,16.11,light rain
625,Turukhansk,RU,65.8167,87.9833,59.85,67,94,10.09,overcast clouds
626,Sohag,EG,26.557,31.6948,93.49,27,2,8.66,clear sky
627,Grenada,ES,37.1882,-3.6067,75.9,43,0,1.01,clear sky
628,Makushino,RU,55.2103,67.2442,62.85,76,58,6.46,broken clouds
629,Hearst,CA,49.6835,-83.6665,71.85,51,76,4.18,broken clouds
630,El Dorado,US,38.7666,-120.5177,94.93,13,0,9.26,clear sky
631,Samarai,PG,-10.6167,150.6667,78.76,72,95,14.36,overcast clouds
632,Jiaxing,CN,30.7522,120.75,80.62,78,13,12.5,few clouds
633,Rongcheng,CN,30.634,117.8517,77.77,75,95,4.09,overcast clouds
634,Winkler,CA,49.1817,-97.941,81.32,73,94,10.36,overcast clouds
635,Balakhninskiy,RU,58.0106,114.2769,70.59,65,45,1.25,scattered clouds
636,Leh,IN,34.1667,77.5833,54.19,71,17,4.81,few clouds
637,Bogande,BF,12.9714,-0.1436,85.93,50,100,7.4,overcast clouds
638,Zlotow,PL,53.3635,17.0408,57.7,89,8,3.8,clear sky
639,Bolshoy Lug,RU,52.0779,104.0919,59.18,68,0,5.48,clear sky
640,Upata,VE,8.0086,-62.3989,76.19,96,68,3.71,broken clouds
641,Nienburg,DE,52.6333,9.2167,65.68,95,40,3.83,scattered clouds
642,Tommot,RU,58.9564,126.2925,65.37,81,100,3.22,overcast clouds
643,Port Hardy,CA,50.6996,-127.4199,55.58,94,75,3.44,light intensity shower rain
644,Knyaze-Volkonskoye,RU,48.4642,135.4567,84.54,70,68,7.58,broken clouds
645,Kampot,KH,10.6167,104.1833,79.56,86,100,7.43,light rain
646,Agadir,MA,30.4202,-9.5982,70.25,70,33,6.11,scattered clouds
647,Alton,US,38.8906,-90.1843,88.11,72,20,4.61,few clouds
648,Sinjai,ID,-5.1241,120.253,74.68,90,96,4.09,overcast clouds
649,Lingao,CN,19.9103,109.6859,78.89,92,100,12.73,moderate rain
650,Frunze,UA,48.6686,38.7544,66.51,93,64,8.01,broken clouds
651,Hithadhoo,MV,-0.6,73.0833,81.66,75,100,10.8,overcast clouds
652,Xunchang,CN,28.4543,104.715,76.41,92,73,1.95,broken clouds
653,Galveston,US,29.3669,-94.9669,89.19,73,31,1.99,scattered clouds
654,Palmer,US,42.1584,-72.3287,76.08,62,31,1.01,scattered clouds
655,Susangerd,IR,31.5608,48.1831,96.82,37,19,9.89,few clouds
656,Bilibino,RU,68.0546,166.4372,62.49,31,93,1.52,overcast clouds
657,Takab,IR,36.4009,47.1133,71.92,34,0,1.16,clear sky
658,Kehl,DE,48.573,7.8152,66.2,86,0,4.61,clear sky
659,Tura,IN,25.5198,90.2201,76.03,94,100,2.15,overcast clouds
660,Celestun,MX,20.8667,-90.4,85.46,73,36,17.63,scattered clouds
661,Steinbach,DE,50.1667,8.5667,64.99,72,0,8.05,clear sky
662,Kilemary,RU,56.7783,46.8659,62.1,67,100,5.3,overcast clouds
663,Ngaoundere,CM,7.3167,13.5833,65.03,96,100,2.8,overcast clouds
664,Aldama,MX,22.9167,-98.0667,93.31,64,41,11.39,scattered clouds
665,Manzanillo,CU,20.3433,-77.1167,82.83,77,28,6.69,scattered clouds
666,Nogliki,RU,51.8333,143.1667,69.69,79,51,9.84,broken clouds
667,Narasannapeta,IN,18.4167,84.05,78.15,88,100,9.33,light rain
668,Lipari,IT,38.4674,14.954,79.54,70,0,8.72,clear sky
669,Tautira,PF,-17.7333,-149.15,84.22,75,45,13.27,scattered clouds
670,Baft,IR,29.234,56.6057,69.06,24,0,1.77,clear sky
671,Zhanaozen,KZ,43.3,52.8,85.64,32,1,6.31,clear sky
672,Hounde,BF,11.5,-3.5167,78.82,64,100,9.64,overcast clouds
673,Ovalle,CL,-30.5983,-71.2003,59.9,59,84,1.72,broken clouds
674,Guadalupe Victoria,MX,32.2869,-115.105,113.95,25,85,18.63,overcast clouds
675,Fare,PF,-16.7,-151.0167,78.64,77,13,15.93,light rain
676,San Juan,AR,-31.5375,-68.5364,58.06,25,66,3.87,broken clouds
677,Moose Factory,CA,51.2585,-80.6094,66.2,63,90,4.61,overcast clouds
678,Hobyo,SO,5.3505,48.5268,77.22,78,31,21.34,scattered clouds
679,Coahuayana,MX,18.7333,-103.6833,85.84,75,80,4.81,broken clouds
680,Motygino,RU,58.1831,94.7592,59.83,86,71,2.28,light rain
681,Jaciara,BR,-15.9653,-54.9683,72.43,28,16,1.83,few clouds
682,Paraiso,CR,9.8383,-83.8656,72.46,81,100,3.04,overcast clouds
683,Menongue,AO,-14.6585,17.691,49.37,36,0,4.38,clear sky
684,Husavik,IS,66.0449,-17.3389,60.71,80,4,4.05,clear sky
685,Ugoofaaru,MV,5.6667,73.0,82.92,75,100,17.54,overcast clouds
686,Pangody,RU,65.85,74.4859,59.25,94,100,17.78,overcast clouds
687,Yazykovo,RU,55.2199,56.1353,67.89,76,98,3.8,overcast clouds
688,Prince Rupert,CA,54.3161,-130.3201,57.29,88,90,3.44,light rain
689,Skotina,GR,40.0147,22.5515,76.5,48,6,7.61,clear sky
690,Wyndham,US,37.6985,-77.6125,85.08,78,59,5.48,broken clouds
691,Maragogi,BR,-9.0122,-35.2225,73.9,85,52,9.93,broken clouds
692,Jardim,BR,-21.4803,-56.1381,65.17,23,0,5.06,clear sky
693,Brae,GB,60.3964,-1.353,53.51,92,28,12.84,scattered clouds
694,Bonthe,SL,7.5264,-12.505,77.72,79,91,7.74,overcast clouds
695,Sangar,RU,63.9242,127.4739,68.95,61,81,5.21,broken clouds
